model_name,display_name,model_family,model_type,task,precision,compiled,compile_mode,gpu_name,gpu_mem_gb,batch_size,throughput_mean,pixels_per_sec,latency_mean_ms,latency_p50_ms,latency_p95_ms,latency_p99_ms,params_M,macs_G,peak_memory_mb,tf32_enabled,input_channels,input_size,pytorch_version,cuda_version,timestamp
dofa_base,DOFA-B/16,DOFA,vit,classification,fp32,False,none,Tesla V100-SXM2-32GB,34.1,4096,OOM,,,,,,,,,,,,,,
dofa_large,DOFA-L/16,DOFA,vit,classification,fp32,False,none,Tesla V100-SXM2-32GB,34.1,2048,102.32,5134194,20014.915,20014.897,20027.971,20029.133,337.15,119.65,20776.8,False,3,224,2.7.1+cu126,12.6,2026-04-19T05:44:39
croma_optical,CROMA-Optical,CROMA,vit,classification,fp32,False,none,Tesla V100-SXM2-32GB,34.1,2048,256.37,3691702,7988.511,7989.629,7993.646,7993.718,90.34,40.36,26392.4,False,12,120,2.7.1+cu126,12.6,2026-04-19T05:49:17
croma_sar,CROMA-SAR,CROMA,vit,classification,fp32,False,none,Tesla V100-SXM2-32GB,34.1,2048,513.50,7394362,3988.336,3990.534,3996.887,3997.950,47.34,20.10,25041.7,False,2,120,2.7.1+cu126,12.6,2026-04-19T05:52:03
senpamae,SenPaMAE-B/16,SenPaMAE,vit,classification,fp32,False,none,Tesla V100-SXM2-32GB,34.1,2048,273.28,5666743,7494.133,7499.284,7501.073,7501.234,95.02,41.43,20775.1,False,3,144,2.7.1+cu126,12.6,2026-04-19T05:56:23
galileo_nano,Galileo-Nano,Galileo,vit,classification,fp32,False,none,Tesla V100-SXM2-32GB,34.1,4096,1819.73,7453608,2250.885,2169.317,2573.013,2633.903,1.04,0.51,27552.8,False,10,64,2.7.1+cu126,12.6,2026-04-19T05:58:37
galileo_base,Galileo-Base,Galileo,vit,classification,fp32,False,none,Tesla V100-SXM2-32GB,34.1,1024,184.35,755084,5554.748,5550.388,5599.111,5600.137,86.52,54.42,18624.0,False,10,64,2.7.1+cu126,12.6,2026-04-19T06:02:33
galileo_large,Galileo-Large,Galileo,vit,classification,fp32,False,none,Tesla V100-SXM2-32GB,34.1,512,38.97,159640,13136.753,13133.566,13150.421,13151.919,474.70,302.09,15855.6,False,10,64,2.7.1+cu126,12.6,2026-04-19T06:12:05
olmoearth_nano,OlmoEarth-Nano,OlmoEarth,vit,classification,fp32,False,none,Tesla V100-SXM2-32GB,34.1,4096,1852.58,30352617,2210.975,2211.265,2218.241,2220.039,2.65,1.26,26002.8,False,12,128,2.7.1+cu126,12.6,2026-04-19T06:13:47
olmoearth_tiny,OlmoEarth-Tiny,OlmoEarth,vit,classification,fp32,False,none,Tesla V100-SXM2-32GB,34.1,2048,582.03,9536046,3518.694,3518.890,3524.448,3525.248,12.90,8.23,18689.3,False,12,128,2.7.1+cu126,12.6,2026-04-19T06:16:12
olmoearth_base,OlmoEarth-Base,OlmoEarth,vit,classification,fp32,False,none,Tesla V100-SXM2-32GB,34.1,512,77.28,1266190,6625.079,6624.539,6633.028,6633.397,202.02,130.76,18161.6,False,12,128,2.7.1+cu126,12.6,2026-04-19T06:20:22
olmoearth_large,OlmoEarth-Large,OlmoEarth,vit,classification,fp32,False,none,Tesla V100-SXM2-32GB,34.1,512,24.06,394250,21277.387,21277.364,21282.703,21283.178,660.80,464.26,25632.3,False,12,128,2.7.1+cu126,12.6,2026-04-19T06:32:05
resnet18,ResNet-18,ResNet,cnn,classification,fp32,False,none,Tesla V100-SXM2-32GB,34.1,16384,13849.03,199426071,1183.043,1183.474,1186.487,1188.304,11.18,1.08,32140.4,False,2,120,2.7.1+cu126,12.6,2026-04-19T06:33:23
resnet50,ResNet-50,ResNet,cnn,classification,fp32,False,none,Tesla V100-SXM2-32GB,34.1,4096,3645.07,52488970,1123.710,1123.471,1128.456,1129.167,23.53,2.50,12844.7,False,2,120,2.7.1+cu126,12.6,2026-04-19T06:34:46
resnet101,ResNet-101,ResNet,cnn,classification,fp32,False,none,Tesla V100-SXM2-32GB,34.1,4096,2174.57,31313871,1883.587,1883.340,1888.997,1889.836,42.52,4.92,12920.6,False,2,120,2.7.1+cu126,12.6,2026-04-19T06:36:34
resnet152,ResNet-152,ResNet,cnn,classification,fp32,False,none,Tesla V100-SXM2-32GB,34.1,4096,1498.18,21573763,2733.988,2733.999,2737.543,2738.551,58.16,7.27,12983.1,False,2,120,2.7.1+cu126,12.6,2026-04-19T06:38:53
efficientnet_b0,EfficientNet-B0,EfficientNet,cnn,classification,fp32,False,none,Tesla V100-SXM2-32GB,34.1,4096,8735.26,125787761,468.904,468.505,470.160,475.163,4.02,0.24,14652.6,False,2,120,2.7.1+cu126,12.6,2026-04-19T06:39:49
efficientnet_b4,EfficientNet-B4,EfficientNet,cnn,classification,fp32,False,none,Tesla V100-SXM2-32GB,34.1,4096,3023.35,43536187,1354.790,1354.979,1356.718,1357.229,17.57,0.95,21785.2,False,2,120,2.7.1+cu126,12.6,2026-04-19T06:41:13
efficientnet_b7,EfficientNet-B7,EfficientNet,cnn,classification,fp32,False,none,Tesla V100-SXM2-32GB,34.1,2048,1143.15,16461383,1791.538,1791.775,1793.375,1793.750,63.81,3.28,14662.8,False,2,120,2.7.1+cu126,12.6,2026-04-19T06:42:59
convnext_tiny,ConvNeXt-T,ConvNeXt,cnn,classification,fp32,False,none,Tesla V100-SXM2-32GB,34.1,4096,3452.46,49715385,1186.401,1186.188,1192.596,1196.097,27.83,2.24,16163.2,False,2,120,2.7.1+cu126,12.6,2026-04-19T06:44:27
convnext_small,ConvNeXt-S,ConvNeXt,cnn,classification,fp32,False,none,Tesla V100-SXM2-32GB,34.1,4096,2034.26,29293341,2013.509,2012.554,2019.919,2021.292,49.46,4.35,16249.7,False,2,120,2.7.1+cu126,12.6,2026-04-19T06:46:30
convnext_base,ConvNeXt-B,ConvNeXt,cnn,classification,fp32,False,none,Tesla V100-SXM2-32GB,34.1,4096,1311.88,18891108,3122.231,3122.781,3129.477,3130.235,87.57,7.69,21592.6,False,2,120,2.7.1+cu126,12.6,2026-04-19T06:49:11
convnext_large,ConvNeXt-L,ConvNeXt,cnn,classification,fp32,False,none,Tesla V100-SXM2-32GB,34.1,2048,642.41,9250658,3188.011,3185.717,3199.277,3199.781,196.24,17.21,16601.9,False,2,120,2.7.1+cu126,12.6,2026-04-19T06:52:34
mobilenetv3_small_100,MobileNetV3-S,MobileNet,cnn,classification,fp32,False,none,Tesla V100-SXM2-32GB,34.1,16384,40798.08,587492303,401.588,400.757,404.133,418.914,1.53,0.04,15114.9,False,2,120,2.7.1+cu126,12.6,2026-04-19T06:53:31
mobilenetv3_large_100,MobileNetV3-L,MobileNet,cnn,classification,fp32,False,none,Tesla V100-SXM2-32GB,34.1,8192,14616.59,210478842,560.459,560.288,561.433,561.879,4.21,0.14,19844.0,False,2,120,2.7.1+cu126,12.6,2026-04-19T06:54:29
regnety_004,RegNetY-400MF,RegNet,cnn,classification,fp32,False,none,Tesla V100-SXM2-32GB,34.1,8192,12145.82,174899760,674.471,674.581,675.107,675.145,3.91,0.25,16067.9,False,2,120,2.7.1+cu126,12.6,2026-04-19T06:55:32
regnety_040,RegNetY-4GF,RegNet,cnn,classification,fp32,False,none,Tesla V100-SXM2-32GB,34.1,4096,1261.10,18159877,3247.952,3247.517,3258.279,3258.919,19.57,2.46,21322.6,False,2,120,2.7.1+cu126,12.6,2026-04-19T06:57:48
vit_tiny_patch16_224,ViT-Ti/16,ViT,vit,classification,fp32,False,none,Tesla V100-SXM2-32GB,34.1,32768,14902.76,214599756,2198.787,2198.765,2203.108,2203.158,5.45,0.54,18906.0,False,2,120,2.7.1+cu126,12.6,2026-04-19T20:40:43
vit_small_patch16_224,ViT-S/16,ViT,vit,classification,fp32,False,none,Tesla V100-SXM2-32GB,34.1,16384,5236.42,75404519,3128.852,3127.341,3136.360,3137.335,21.51,2.14,17083.1,False,2,120,2.7.1+cu126,12.6,2026-04-19T20:43:07
vit_base_patch16_224,ViT-B/16,ViT,vit,classification,fp32,False,none,Tesla V100-SXM2-32GB,34.1,8192,1369.63,19722668,5981.179,5979.475,5993.136,5994.094,85.50,8.53,16394.0,False,2,120,2.7.1+cu126,12.6,2026-04-19T20:47:01
vit_large_patch16_224,ViT-L/16,ViT,vit,classification,fp32,False,none,Tesla V100-SXM2-32GB,34.1,8192,417.76,6015680,19609.552,19609.537,19612.851,19613.145,302.90,30.25,22296.8,False,2,120,2.7.1+cu126,12.6,2026-04-19T20:57:54
deit3_small_patch16_224,DeiT3-S/16,DeiT,vit,classification,fp32,False,none,Tesla V100-SXM2-32GB,34.1,16384,5106.45,73532856,3208.492,3209.573,3219.305,3221.512,21.52,2.14,17083.2,False,2,120,2.7.1+cu126,12.6,2026-04-19T21:00:59
deit3_base_patch16_224,DeiT3-B/16,DeiT,vit,classification,fp32,False,none,Tesla V100-SXM2-32GB,34.1,8192,1354.66,19507084,6047.280,6046.870,6056.911,6057.075,85.51,8.53,16394.1,False,2,120,2.7.1+cu126,12.6,2026-04-19T21:05:39
swin_tiny_patch4_window7_224,Swin-T,Swin,vit,classification,fp32,False,none,Tesla V100-SXM2-32GB,34.1,4096,1774.79,25557036,2307.873,2306.797,2319.879,2321.501,27.52,4.19,23207.3,False,2,120,2.7.1+cu126,12.6,2026-04-19T21:08:22
swin_small_patch4_window7_224,Swin-S,Swin,vit,classification,fp32,False,none,Tesla V100-SXM2-32GB,34.1,4096,934.69,13459517,4382.208,4379.715,4389.711,4390.591,48.84,8.95,23292.8,False,2,120,2.7.1+cu126,12.6,2026-04-19T21:12:51
swin_base_patch4_window7_224,Swin-B,Swin,vit,classification,fp32,False,none,Tesla V100-SXM2-32GB,34.1,2048,602.42,8674903,3399.600,3400.232,3403.542,3403.810,86.74,15.76,15678.1,False,2,120,2.7.1+cu126,12.6,2026-04-19T21:16:25
swin_large_patch4_window7_224,Swin-L,Swin,vit,classification,fp32,False,none,Tesla V100-SXM2-32GB,34.1,2048,301.41,4340286,6794.759,6795.788,6798.951,6799.476,194.99,35.11,23644.2,False,2,120,2.7.1+cu126,12.6,2026-04-19T21:22:12
beit_base_patch16_224,BEiT-B/16,BEiT,vit,classification,fp32,False,none,Tesla V100-SXM2-32GB,34.1,8192,1352.01,19468974,6059.117,6057.030,6070.540,6071.581,85.49,8.62,15136.0,False,2,120,2.7.1+cu126,12.6,2026-04-19T21:26:43
beit_large_patch16_224,BEiT-L/16,BEiT,vit,classification,fp32,False,none,Tesla V100-SXM2-32GB,34.1,8192,413.23,5950443,19824.542,19824.531,19826.835,19827.040,302.94,30.50,20619.9,False,2,120,2.7.1+cu126,12.6,2026-04-19T21:38:26
coatnet_0_224,CoAtNet-0,CoAtNet,hybrid,classification,fp32,False,none,Tesla V100-SXM2-32GB,34.1,256,726.16,36435980,352.538,352.401,355.558,356.213,24.28,9.09,16190.4,False,3,224,2.7.1+cu126,12.6,2026-04-19T22:38:25
coatnet_2_224,CoAtNet-2,CoAtNet,hybrid,classification,fp32,False,none,Tesla V100-SXM2-32GB,34.1,256,260.86,13088770,981.380,980.216,987.802,994.297,73.67,32.85,22251.3,False,3,224,2.7.1+cu126,12.6,2026-04-19T22:39:52
dofa_base,DOFA-B/16,DOFA,vit,classification,fp32,False,none,Tesla V100-SXM2-32GB,34.1,2048,330.76,16596025,6191.871,6199.399,6206.940,6207.275,111.35,34.00,15327.6,False,3,224,2.7.1+cu126,12.6,2026-04-20T19:47:58
dofa_large,DOFA-L/16,DOFA,vit,classification,fp32,False,none,Tesla V100-SXM2-32GB,34.1,2048,102.35,5135730,20008.928,20008.920,20020.997,20022.070,337.15,119.65,20776.8,False,3,224,2.7.1+cu126,12.6,2026-04-20T19:58:10
croma_optical,CROMA-Optical,CROMA,vit,classification,fp32,False,none,Tesla V100-SXM2-32GB,34.1,2048,256.41,3692373,7987.059,7986.996,7990.617,7991.056,90.34,40.36,26392.4,False,12,120,2.7.1+cu126,12.6,2026-04-20T20:02:38
croma_sar,CROMA-SAR,CROMA,vit,classification,fp32,False,none,Tesla V100-SXM2-32GB,34.1,2048,512.78,7383986,3993.941,3992.405,4006.093,4006.816,47.34,20.10,25041.7,False,2,120,2.7.1+cu126,12.6,2026-04-20T20:05:19
senpamae,SenPaMAE-B/16,SenPaMAE,vit,classification,fp32,False,none,Tesla V100-SXM2-32GB,34.1,2048,273.17,5664495,7497.108,7498.690,7506.625,7507.981,95.02,41.43,20775.1,False,3,144,2.7.1+cu126,12.6,2026-04-20T20:09:33
galileo_nano,Galileo-Nano,Galileo,vit,classification,fp32,False,none,Tesla V100-SXM2-32GB,34.1,4096,1997.86,8183249,2050.190,1976.782,2209.115,2215.926,1.04,0.51,27552.8,False,10,64,2.7.1+cu126,12.6,2026-04-20T20:11:28
galileo_base,Galileo-Base,Galileo,vit,classification,fp32,False,none,Tesla V100-SXM2-32GB,34.1,1024,185.73,760760,5513.307,5510.652,5522.882,5523.129,86.52,54.42,18624.0,False,10,64,2.7.1+cu126,12.6,2026-04-20T20:15:10
galileo_large,Galileo-Large,Galileo,vit,classification,fp32,False,none,Tesla V100-SXM2-32GB,34.1,512,38.97,159614,13138.870,13141.912,13142.510,13142.563,474.70,302.09,15855.6,False,10,64,2.7.1+cu126,12.6,2026-04-20T20:24:11
olmoearth_nano,OlmoEarth-Nano,OlmoEarth,vit,classification,fp32,False,none,Tesla V100-SXM2-32GB,34.1,4096,1854.06,30376911,2209.206,2206.873,2219.426,2219.580,2.65,1.26,26002.8,False,12,128,2.7.1+cu126,12.6,2026-04-20T20:25:54
olmoearth_tiny,OlmoEarth-Tiny,OlmoEarth,vit,classification,fp32,False,none,Tesla V100-SXM2-32GB,34.1,2048,581.61,9529124,3521.251,3519.365,3530.880,3532.514,12.90,8.23,18689.3,False,12,128,2.7.1+cu126,12.6,2026-04-20T20:28:21
olmoearth_base,OlmoEarth-Base,OlmoEarth,vit,classification,fp32,False,none,Tesla V100-SXM2-32GB,34.1,512,77.18,1264548,6633.681,6631.915,6647.542,6649.513,202.02,130.76,18161.6,False,12,128,2.7.1+cu126,12.6,2026-04-20T20:32:31
olmoearth_large,OlmoEarth-Large,OlmoEarth,vit,classification,fp32,False,none,Tesla V100-SXM2-32GB,34.1,512,24.03,393785,21302.488,21302.462,21310.684,21311.414,660.80,464.26,25632.3,False,12,128,2.7.1+cu126,12.6,2026-04-20T20:44:20
resnet18,ResNet-18,ResNet,cnn,classification,fp32,False,none,Tesla V100-SXM2-32GB,34.1,16384,13856.22,199529572,1182.429,1182.239,1186.963,1188.047,11.18,1.08,32140.4,False,2,120,2.7.1+cu126,12.6,2026-04-20T20:45:39
resnet50,ResNet-50,ResNet,cnn,classification,fp32,False,none,Tesla V100-SXM2-32GB,34.1,4096,3645.55,52495888,1123.562,1123.434,1128.169,1129.407,23.53,2.50,12844.7,False,2,120,2.7.1+cu126,12.6,2026-04-20T20:47:00
resnet101,ResNet-101,ResNet,cnn,classification,fp32,False,none,Tesla V100-SXM2-32GB,34.1,4096,2174.59,31314138,1883.571,1882.054,1895.769,1901.967,42.52,4.92,12920.6,False,2,120,2.7.1+cu126,12.6,2026-04-20T20:48:52
resnet152,ResNet-152,ResNet,cnn,classification,fp32,False,none,Tesla V100-SXM2-32GB,34.1,4096,1495.67,21537679,2738.568,2738.578,2745.173,2745.429,58.16,7.27,12983.1,False,2,120,2.7.1+cu126,12.6,2026-04-20T20:51:17
efficientnet_b0,EfficientNet-B0,EfficientNet,cnn,classification,fp32,False,none,Tesla V100-SXM2-32GB,34.1,4096,8739.43,125847811,468.680,468.582,469.621,469.971,4.02,0.24,14652.6,False,2,120,2.7.1+cu126,12.6,2026-04-20T20:52:14
efficientnet_b4,EfficientNet-B4,EfficientNet,cnn,classification,fp32,False,none,Tesla V100-SXM2-32GB,34.1,4096,3022.61,43525625,1355.119,1355.310,1357.125,1357.194,17.57,0.95,21785.2,False,2,120,2.7.1+cu126,12.6,2026-04-20T20:53:39
efficientnet_b7,EfficientNet-B7,EfficientNet,cnn,classification,fp32,False,none,Tesla V100-SXM2-32GB,34.1,2048,1143.40,16465027,1791.142,1790.922,1793.543,1794.341,63.81,3.28,14662.8,False,2,120,2.7.1+cu126,12.6,2026-04-20T20:55:27
convnext_tiny,ConvNeXt-T,ConvNeXt,cnn,classification,fp32,False,none,Tesla V100-SXM2-32GB,34.1,4096,3455.51,49759360,1185.353,1184.859,1190.148,1194.293,27.83,2.24,16163.2,False,2,120,2.7.1+cu126,12.6,2026-04-20T20:57:04
convnext_small,ConvNeXt-S,ConvNeXt,cnn,classification,fp32,False,none,Tesla V100-SXM2-32GB,34.1,4096,2033.41,29281090,2014.351,2013.514,2024.234,2026.000,49.46,4.35,16249.7,False,2,120,2.7.1+cu126,12.6,2026-04-20T20:59:10
convnext_base,ConvNeXt-B,ConvNeXt,cnn,classification,fp32,False,none,Tesla V100-SXM2-32GB,34.1,4096,1312.34,18897658,3121.149,3122.542,3129.268,3131.559,87.57,7.69,21592.6,False,2,120,2.7.1+cu126,12.6,2026-04-20T21:01:55
convnext_large,ConvNeXt-L,ConvNeXt,cnn,classification,fp32,False,none,Tesla V100-SXM2-32GB,34.1,2048,642.87,9257269,3185.734,3184.751,3190.775,3191.101,196.24,17.21,16601.9,False,2,120,2.7.1+cu126,12.6,2026-04-20T21:05:02
mobilenetv3_small_100,MobileNetV3-S,MobileNet,cnn,classification,fp32,False,none,Tesla V100-SXM2-32GB,34.1,16384,40927.95,589362410,400.313,400.259,400.723,400.893,1.53,0.04,15114.9,False,2,120,2.7.1+cu126,12.6,2026-04-20T21:05:56
mobilenetv3_large_100,MobileNetV3-L,MobileNet,cnn,classification,fp32,False,none,Tesla V100-SXM2-32GB,34.1,8192,14613.22,210430417,560.588,560.384,561.517,561.885,4.21,0.14,19844.0,False,2,120,2.7.1+cu126,12.6,2026-04-20T21:06:53
regnety_004,RegNetY-400MF,RegNet,cnn,classification,fp32,False,none,Tesla V100-SXM2-32GB,34.1,8192,12151.69,174984294,674.145,674.126,675.056,676.053,3.91,0.25,16067.9,False,2,120,2.7.1+cu126,12.6,2026-04-20T21:07:56
regnety_040,RegNetY-4GF,RegNet,cnn,classification,fp32,False,none,Tesla V100-SXM2-32GB,34.1,4096,1260.43,18150148,3249.693,3249.566,3259.603,3260.192,19.57,2.46,21322.6,False,2,120,2.7.1+cu126,12.6,2026-04-20T21:10:11
vit_tiny_patch16_224,ViT-Ti/16,ViT,vit,classification,fp32,False,none,Tesla V100-SXM2-32GB,34.1,32768,14908.84,214687367,2197.890,2198.427,2201.999,2204.153,5.45,0.54,18906.0,False,2,120,2.7.1+cu126,12.6,2026-04-20T21:12:08
vit_small_patch16_224,ViT-S/16,ViT,vit,classification,fp32,False,none,Tesla V100-SXM2-32GB,34.1,16384,5233.01,75355288,3130.896,3130.473,3137.363,3140.066,21.51,2.14,17083.1,False,2,120,2.7.1+cu126,12.6,2026-04-20T21:14:32
vit_base_patch16_224,ViT-B/16,ViT,vit,classification,fp32,False,none,Tesla V100-SXM2-32GB,34.1,8192,1366.11,19672037,5996.573,5998.712,6003.504,6004.096,85.50,8.53,16394.0,False,2,120,2.7.1+cu126,12.6,2026-04-20T21:18:26
vit_large_patch16_224,ViT-L/16,ViT,vit,classification,fp32,False,none,Tesla V100-SXM2-32GB,34.1,8192,417.56,6012887,19618.662,19618.648,19621.295,19621.530,302.90,30.25,22296.8,False,2,120,2.7.1+cu126,12.6,2026-04-20T21:29:21
deit3_small_patch16_224,DeiT3-S/16,DeiT,vit,classification,fp32,False,none,Tesla V100-SXM2-32GB,34.1,16384,5104.26,73501300,3209.870,3208.514,3215.085,3215.250,21.52,2.14,17083.2,False,2,120,2.7.1+cu126,12.6,2026-04-20T21:31:48
deit3_base_patch16_224,DeiT3-B/16,DeiT,vit,classification,fp32,False,none,Tesla V100-SXM2-32GB,34.1,8192,1350.80,19451494,6064.562,6061.517,6076.400,6078.482,85.51,8.53,16394.1,False,2,120,2.7.1+cu126,12.6,2026-04-20T21:35:41
swin_tiny_patch4_window7_224,Swin-T,Swin,vit,classification,fp32,False,none,Tesla V100-SXM2-32GB,34.1,4096,1774.30,25549881,2308.520,2306.402,2317.452,2317.925,27.52,4.19,23207.3,False,2,120,2.7.1+cu126,12.6,2026-04-20T21:37:41
swin_small_patch4_window7_224,Swin-S,Swin,vit,classification,fp32,False,none,Tesla V100-SXM2-32GB,34.1,4096,933.20,13438050,4389.208,4390.346,4394.467,4394.958,48.84,8.95,23292.8,False,2,120,2.7.1+cu126,12.6,2026-04-20T21:40:54
swin_base_patch4_window7_224,Swin-B,Swin,vit,classification,fp32,False,none,Tesla V100-SXM2-32GB,34.1,2048,603.52,8690681,3393.428,3390.318,3403.867,3403.989,86.74,15.76,15678.1,False,2,120,2.7.1+cu126,12.6,2026-04-20T21:43:47
swin_large_patch4_window7_224,Swin-L,Swin,vit,classification,fp32,False,none,Tesla V100-SXM2-32GB,34.1,2048,301.51,4341810,6792.374,6789.317,6801.022,6802.931,194.99,35.11,23644.2,False,2,120,2.7.1+cu126,12.6,2026-04-20T21:48:31
beit_base_patch16_224,BEiT-B/16,BEiT,vit,classification,fp32,False,none,Tesla V100-SXM2-32GB,34.1,8192,1351.21,19457458,6062.704,6061.968,6072.475,6073.879,85.49,8.62,15136.0,False,2,120,2.7.1+cu126,12.6,2026-04-20T21:52:26
beit_large_patch16_224,BEiT-L/16,BEiT,vit,classification,fp32,False,none,Tesla V100-SXM2-32GB,34.1,8192,413.26,5950919,19822.956,19822.934,19825.740,19825.990,302.94,30.50,20619.9,False,2,120,2.7.1+cu126,12.6,2026-04-20T22:03:30
resnet18,ResNet-18,ResNet,cnn,classification,fp32,False,none,Tesla V100-SXM2-32GB,34.1,8192,7713.84,159954154,1061.987,1061.669,1069.760,1070.421,11.18,1.58,23835.3,False,3,144,2.7.1+cu126,12.6,2026-04-20T22:04:52
resnet50,ResNet-50,ResNet,cnn,classification,fp32,False,none,Tesla V100-SXM2-32GB,34.1,4096,2599.02,53893263,1575.979,1576.279,1579.442,1579.592,23.53,3.52,18790.1,False,3,144,2.7.1+cu126,12.6,2026-04-20T22:06:21
resnet101,ResNet-101,ResNet,cnn,classification,fp32,False,none,Tesla V100-SXM2-32GB,34.1,4096,1535.01,31829997,2668.384,2668.625,2672.809,2673.295,42.52,6.58,18866.1,False,3,144,2.7.1+cu126,12.6,2026-04-20T22:08:25
resnet152,ResNet-152,ResNet,cnn,classification,fp32,False,none,Tesla V100-SXM2-32GB,34.1,4096,1072.96,22248885,3817.479,3816.535,3824.065,3824.454,58.16,9.65,18928.6,False,3,144,2.7.1+cu126,12.6,2026-04-20T22:11:02
efficientnet_b0,EfficientNet-B0,EfficientNet,cnn,classification,fp32,False,none,Tesla V100-SXM2-32GB,34.1,4096,6665.93,138224737,614.468,614.073,618.119,619.286,4.02,0.34,21428.5,False,3,144,2.7.1+cu126,12.6,2026-04-20T22:12:03
efficientnet_b4,EfficientNet-B4,EfficientNet,cnn,classification,fp32,False,none,Tesla V100-SXM2-32GB,34.1,2048,2262.03,46905485,905.381,905.264,906.642,907.074,17.57,1.35,15877.4,False,3,144,2.7.1+cu126,12.6,2026-04-20T22:13:15
efficientnet_b7,EfficientNet-B7,EfficientNet,cnn,classification,fp32,False,none,Tesla V100-SXM2-32GB,34.1,2048,850.41,17634064,2408.255,2408.470,2415.587,2416.936,63.81,4.68,21163.9,False,3,144,2.7.1+cu126,12.6,2026-04-20T22:15:18
convnext_tiny,ConvNeXt-T,ConvNeXt,cnn,classification,fp32,False,none,Tesla V100-SXM2-32GB,34.1,4096,2242.00,46490037,1826.943,1827.036,1831.888,1832.123,27.83,3.55,23562.0,False,3,144,2.7.1+cu126,12.6,2026-04-20T22:17:05
convnext_small,ConvNeXt-S,ConvNeXt,cnn,classification,fp32,False,none,Tesla V100-SXM2-32GB,34.1,4096,1283.19,26608263,3192.041,3193.090,3196.248,3197.200,49.46,7.05,23648.5,False,3,144,2.7.1+cu126,12.6,2026-04-20T22:19:45
convnext_base,ConvNeXt-B,ConvNeXt,cnn,classification,fp32,False,none,Tesla V100-SXM2-32GB,34.1,2048,824.72,17101426,2483.262,2481.647,2492.847,2496.362,87.58,12.46,15817.0,False,3,144,2.7.1+cu126,12.6,2026-04-20T22:22:11
convnext_large,ConvNeXt-L,ConvNeXt,cnn,classification,fp32,False,none,Tesla V100-SXM2-32GB,34.1,2048,392.35,8135703,5219.872,5222.608,5225.144,5225.591,196.25,27.88,23725.9,False,3,144,2.7.1+cu126,12.6,2026-04-20T22:26:11
mobilenetv3_small_100,MobileNetV3-S,MobileNet,cnn,classification,fp32,False,none,Tesla V100-SXM2-32GB,34.1,16384,31999.24,663536164,512.012,512.015,512.406,512.580,1.53,0.05,23117.6,False,3,144,2.7.1+cu126,12.6,2026-04-20T22:27:07
mobilenetv3_large_100,MobileNetV3-L,MobileNet,cnn,classification,fp32,False,none,Tesla V100-SXM2-32GB,34.1,4096,11331.44,234968650,361.472,361.404,361.829,362.067,4.21,0.19,14634.5,False,3,144,2.7.1+cu126,12.6,2026-04-20T22:27:58
regnety_004,RegNetY-400MF,RegNet,cnn,classification,fp32,False,none,Tesla V100-SXM2-32GB,34.1,8192,9495.80,196904974,862.697,862.693,864.091,864.209,3.91,0.36,23806.4,False,3,144,2.7.1+cu126,12.6,2026-04-20T22:29:05
regnety_040,RegNetY-4GF,RegNet,cnn,classification,fp32,False,none,Tesla V100-SXM2-32GB,34.1,4096,872.46,18091268,4694.787,4701.133,4703.303,4703.523,19.57,3.34,28151.9,False,3,144,2.7.1+cu126,12.6,2026-04-20T22:31:58
vit_tiny_patch16_224,ViT-Ti/16,ViT,vit,classification,fp32,False,none,Tesla V100-SXM2-32GB,34.1,16384,8426.83,174738811,1944.265,1945.150,1948.640,1948.938,5.50,0.89,16489.7,False,3,144,2.7.1+cu126,12.6,2026-04-20T22:33:49
vit_small_patch16_224,ViT-S/16,ViT,vit,classification,fp32,False,none,Tesla V100-SXM2-32GB,34.1,8192,3034.04,62913751,2700.035,2699.245,2709.229,2709.540,21.63,3.53,14516.0,False,3,144,2.7.1+cu126,12.6,2026-04-20T22:36:01
vit_base_patch16_224,ViT-B/16,ViT,vit,classification,fp32,False,none,Tesla V100-SXM2-32GB,34.1,8192,802.88,16648579,10203.232,10215.867,10215.916,10215.920,85.72,14.02,27154.0,False,3,144,2.7.1+cu126,12.6,2026-04-20T22:41:41
vit_large_patch16_224,ViT-L/16,ViT,vit,classification,fp32,False,none,Tesla V100-SXM2-32GB,34.1,4096,251.77,5220737,16268.709,16268.688,16278.939,16279.851,303.19,49.65,18750.4,False,3,144,2.7.1+cu126,12.6,2026-04-20T22:51:05
deit3_small_patch16_224,DeiT3-S/16,DeiT,vit,classification,fp32,False,none,Tesla V100-SXM2-32GB,34.1,8192,2967.08,61525373,2760.964,2757.927,2770.910,2772.553,21.63,3.53,14516.1,False,3,144,2.7.1+cu126,12.6,2026-04-20T22:53:19
deit3_base_patch16_224,DeiT3-B/16,DeiT,vit,classification,fp32,False,none,Tesla V100-SXM2-32GB,34.1,8192,796.86,16523636,10280.383,10276.811,10287.919,10288.906,85.74,14.02,27154.0,False,3,144,2.7.1+cu126,12.6,2026-04-20T22:59:06
swin_tiny_patch4_window7_224,Swin-T,Swin,vit,classification,fp32,False,none,Tesla V100-SXM2-32GB,34.1,2048,1383.16,28681146,1480.671,1480.017,1485.524,1485.956,27.52,5.26,16917.6,False,3,144,2.7.1+cu126,12.6,2026-04-20T23:00:57
swin_small_patch4_window7_224,Swin-S,Swin,vit,classification,fp32,False,none,Tesla V100-SXM2-32GB,34.1,2048,777.12,16114320,2635.378,2635.903,2640.455,2641.452,48.84,10.50,17003.3,False,3,144,2.7.1+cu126,12.6,2026-04-20T23:03:46
swin_base_patch4_window7_224,Swin-B,Swin,vit,classification,fp32,False,none,Tesla V100-SXM2-32GB,34.1,2048,502.63,10422526,4074.572,4075.593,4080.967,4081.388,86.75,18.50,22578.2,False,3,144,2.7.1+cu126,12.6,2026-04-20T23:07:25
swin_large_patch4_window7_224,Swin-L,Swin,vit,classification,fp32,False,none,Tesla V100-SXM2-32GB,34.1,1024,254.68,5281128,4020.668,4023.487,4027.216,4027.234,195.00,41.23,17335.9,False,3,144,2.7.1+cu126,12.6,2026-04-20T23:11:21
beit_base_patch16_224,BEiT-B/16,BEiT,vit,classification,fp32,False,none,Tesla V100-SXM2-32GB,34.1,8192,797.88,16544771,10267.250,10268.857,10272.304,10272.611,85.71,14.27,25091.0,False,3,144,2.7.1+cu126,12.6,2026-04-20T23:17:20
beit_large_patch16_224,BEiT-L/16,BEiT,vit,classification,fp32,False,none,Tesla V100-SXM2-32GB,34.1,4096,249.18,5167052,16437.741,16437.724,16443.722,16444.255,303.25,50.31,17376.3,False,3,144,2.7.1+cu126,12.6,2026-04-20T23:27:13
resnet18,ResNet-18,ResNet,cnn,classification,fp32,False,none,Tesla V100-SXM2-32GB,34.1,4096,4437.53,222657670,923.035,923.163,927.674,928.839,11.18,3.63,28826.4,False,3,224,2.7.1+cu126,12.6,2026-04-20T23:28:33
resnet50,ResNet-50,ResNet,cnn,classification,fp32,False,none,Tesla V100-SXM2-32GB,34.1,2048,1254.76,62958812,1632.185,1632.509,1635.867,1637.492,23.53,8.17,22711.7,False,3,224,2.7.1+cu126,12.6,2026-04-20T23:30:03
resnet101,ResNet-101,ResNet,cnn,classification,fp32,False,none,Tesla V100-SXM2-32GB,34.1,2048,760.75,38171280,2692.088,2691.766,2695.594,2696.427,42.52,15.60,22787.6,False,3,224,2.7.1+cu126,12.6,2026-04-20T23:32:07
resnet152,ResNet-152,ResNet,cnn,classification,fp32,False,none,Tesla V100-SXM2-32GB,34.1,2048,534.55,26821331,3831.296,3831.883,3834.737,3835.045,58.16,23.02,22850.2,False,3,224,2.7.1+cu126,12.6,2026-04-20T23:34:44
efficientnet_b0,EfficientNet-B0,EfficientNet,cnn,classification,fp32,False,none,Tesla V100-SXM2-32GB,34.1,1024,3131.82,157142121,326.967,326.908,327.506,327.620,4.02,0.77,12972.7,False,3,224,2.7.1+cu126,12.6,2026-04-20T23:35:34
efficientnet_b4,EfficientNet-B4,EfficientNet,cnn,classification,fp32,False,none,Tesla V100-SXM2-32GB,34.1,1024,1088.97,54640402,940.334,940.029,942.484,943.501,17.57,3.00,19193.0,False,3,224,2.7.1+cu126,12.6,2026-04-20T23:36:45
efficientnet_b7,EfficientNet-B7,EfficientNet,cnn,classification,fp32,False,none,Tesla V100-SXM2-32GB,34.1,512,414.94,20820151,1233.906,1234.093,1235.623,1235.905,63.81,10.33,12909.5,False,3,224,2.7.1+cu126,12.6,2026-04-20T23:38:15
convnext_tiny,ConvNeXt-T,ConvNeXt,cnn,classification,fp32,False,none,Tesla V100-SXM2-32GB,34.1,1024,909.70,45645014,1125.648,1125.389,1129.767,1130.112,27.83,8.91,14300.8,False,3,224,2.7.1+cu126,12.6,2026-04-20T23:39:41
convnext_small,ConvNeXt-S,ConvNeXt,cnn,classification,fp32,False,none,Tesla V100-SXM2-32GB,34.1,1024,529.27,26556488,1934.752,1934.564,1939.432,1940.072,49.46,17.37,14387.4,False,3,224,2.7.1+cu126,12.6,2026-04-20T23:41:44
convnext_base,ConvNeXt-B,ConvNeXt,cnn,classification,fp32,False,none,Tesla V100-SXM2-32GB,34.1,1024,338.14,16966644,3028.308,3028.498,3030.723,3030.856,87.58,30.71,19061.3,False,3,224,2.7.1+cu126,12.6,2026-04-20T23:44:17
convnext_large,ConvNeXt-L,ConvNeXt,cnn,classification,fp32,False,none,Tesla V100-SXM2-32GB,34.1,512,164.37,8247494,3114.899,3114.220,3119.416,3119.920,196.25,68.72,14666.2,False,3,224,2.7.1+cu126,12.6,2026-04-20T23:47:25
mobilenetv3_small_100,MobileNetV3-S,MobileNet,cnn,classification,fp32,False,none,Tesla V100-SXM2-32GB,34.1,8192,15905.89,798093867,515.029,515.012,515.627,515.732,1.53,0.11,27965.9,False,3,224,2.7.1+cu126,12.6,2026-04-20T23:48:23
mobilenetv3_large_100,MobileNetV3-L,MobileNet,cnn,classification,fp32,False,none,Tesla V100-SXM2-32GB,34.1,2048,5303.88,266127562,386.132,386.109,386.535,386.711,4.21,0.43,17700.4,False,3,224,2.7.1+cu126,12.6,2026-04-20T23:49:17
regnety_004,RegNetY-400MF,RegNet,cnn,classification,fp32,False,none,Tesla V100-SXM2-32GB,34.1,4096,4584.81,230047233,893.386,892.996,895.480,896.661,3.91,0.80,28797.4,False,3,224,2.7.1+cu126,12.6,2026-04-20T23:50:27
regnety_040,RegNetY-4GF,RegNet,cnn,classification,fp32,False,none,Tesla V100-SXM2-32GB,34.1,1024,310.45,15577084,3298.450,3298.204,3315.920,3317.339,19.57,7.94,18791.2,False,3,224,2.7.1+cu126,12.6,2026-04-20T23:52:48
vit_tiny_patch16_224,ViT-Ti/16,ViT,vit,classification,fp32,False,none,Tesla V100-SXM2-32GB,34.1,8192,3162.88,158700766,2590.043,2588.657,2601.102,2602.134,5.53,2.15,19836.5,False,3,224,2.7.1+cu126,12.6,2026-04-20T23:55:00
vit_small_patch16_224,ViT-S/16,ViT,vit,classification,fp32,False,none,Tesla V100-SXM2-32GB,34.1,4096,1189.19,59668805,3444.361,3444.185,3449.854,3451.840,21.67,8.48,17435.3,False,3,224,2.7.1+cu126,12.6,2026-04-20T23:57:36
vit_base_patch16_224,ViT-B/16,ViT,vit,classification,fp32,False,none,Tesla V100-SXM2-32GB,34.1,2048,327.79,16447170,6247.911,6248.221,6250.735,6251.025,85.81,33.70,16458.6,False,3,224,2.7.1+cu126,12.6,2026-04-21T00:01:36
vit_large_patch16_224,ViT-L/16,ViT,vit,classification,fp32,False,none,Tesla V100-SXM2-32GB,34.1,2048,101.26,5080781,20225.324,20225.315,20248.683,20250.761,303.31,119.29,22286.6,False,3,224,2.7.1+cu126,12.6,2026-04-21T00:12:50
deit3_small_patch16_224,DeiT3-S/16,DeiT,vit,classification,fp32,False,none,Tesla V100-SXM2-32GB,34.1,4096,1164.36,58422848,3517.817,3516.444,3522.671,3523.183,21.68,8.48,17435.3,False,3,224,2.7.1+cu126,12.6,2026-04-21T00:15:25
deit3_base_patch16_224,DeiT3-B/16,DeiT,vit,classification,fp32,False,none,Tesla V100-SXM2-32GB,34.1,2048,323.91,16252290,6322.829,6321.486,6329.701,6330.676,85.82,33.70,16458.7,False,3,224,2.7.1+cu126,12.6,2026-04-21T00:19:21
swin_tiny_patch4_window7_224,Swin-T,Swin,vit,classification,fp32,False,none,Tesla V100-SXM2-32GB,34.1,1024,795.78,39929007,1286.789,1286.386,1291.899,1293.768,27.53,8.98,16191.0,False,3,224,2.7.1+cu126,12.6,2026-04-21T00:20:55
swin_small_patch4_window7_224,Swin-S,Swin,vit,classification,fp32,False,none,Tesla V100-SXM2-32GB,34.1,1024,471.01,23633271,2174.063,2173.870,2177.881,2179.312,48.84,17.48,16276.7,False,3,224,2.7.1+cu126,12.6,2026-04-21T00:23:08
swin_base_patch4_window7_224,Swin-B,Swin,vit,classification,fp32,False,none,Tesla V100-SXM2-32GB,34.1,1024,306.88,15397928,3336.827,3336.579,3343.747,3345.664,86.75,30.86,21581.4,False,3,224,2.7.1+cu126,12.6,2026-04-21T00:26:01
swin_large_patch4_window7_224,Swin-L,Swin,vit,classification,fp32,False,none,Tesla V100-SXM2-32GB,34.1,512,153.91,7722455,3326.677,3325.991,3335.411,3336.758,195.01,68.95,16554.9,False,3,224,2.7.1+cu126,12.6,2026-04-21T00:29:12
beit_base_patch16_224,BEiT-B/16,BEiT,vit,classification,fp32,False,none,Tesla V100-SXM2-32GB,34.1,2048,321.90,16151582,6362.253,6365.035,6365.964,6365.977,85.77,35.13,15222.8,False,3,224,2.7.1+cu126,12.6,2026-04-21T00:33:20
beit_large_patch16_224,BEiT-L/16,BEiT,vit,classification,fp32,False,none,Tesla V100-SXM2-32GB,34.1,2048,99.65,5000261,20551.018,20551.002,20558.179,20558.817,303.42,123.11,20642.0,False,3,224,2.7.1+cu126,12.6,2026-04-21T00:44:51
coatnet_0_224,CoAtNet-0,CoAtNet,hybrid,classification,fp32,False,none,Tesla V100-SXM2-32GB,34.1,256,727.33,36494495,351.972,351.689,355.236,356.291,24.28,9.09,16190.4,False,3,224,2.7.1+cu126,12.6,2026-04-21T00:45:47
coatnet_2_224,CoAtNet-2,CoAtNet,hybrid,classification,fp32,False,none,Tesla V100-SXM2-32GB,34.1,256,260.82,13086701,981.535,981.599,984.649,989.123,73.67,32.85,22251.3,False,3,224,2.7.1+cu126,12.6,2026-04-21T00:47:13
resnet18,ResNet-18,ResNet,cnn,classification,fp32,False,none,Tesla V100-SXM2-32GB,34.1,32768,27127.09,111112571,1207.944,1208.009,1215.152,1217.092,11.20,0.34,23678.4,False,10,64,2.7.1+cu126,12.6,2026-04-21T00:48:32
resnet50,ResNet-50,ResNet,cnn,classification,fp32,False,none,Tesla V100-SXM2-32GB,34.1,16384,9506.13,38937127,1723.519,1722.985,1726.815,1728.384,23.55,0.71,16748.1,False,10,64,2.7.1+cu126,12.6,2026-04-21T00:50:05
resnet101,ResNet-101,ResNet,cnn,classification,fp32,False,none,Tesla V100-SXM2-32GB,34.1,16384,5506.82,22555921,2975.222,2973.793,2981.393,2982.069,42.54,1.32,16824.0,False,10,64,2.7.1+cu126,12.6,2026-04-21T00:52:17
resnet152,ResNet-152,ResNet,cnn,classification,fp32,False,none,Tesla V100-SXM2-32GB,34.1,16384,3845.33,15750486,4260.749,4261.190,4268.452,4269.142,58.19,1.92,16886.5,False,10,64,2.7.1+cu126,12.6,2026-04-21T00:55:09
efficientnet_b0,EfficientNet-B0,EfficientNet,cnn,classification,fp32,False,none,Tesla V100-SXM2-32GB,34.1,16384,18865.49,77273051,868.464,868.441,869.070,869.255,4.02,0.07,18816.0,False,10,64,2.7.1+cu126,12.6,2026-04-21T00:56:16
efficientnet_b4,EfficientNet-B4,EfficientNet,cnn,classification,fp32,False,none,Tesla V100-SXM2-32GB,34.1,8192,6354.81,26029318,1289.101,1288.978,1290.050,1290.324,17.57,0.26,13501.6,False,10,64,2.7.1+cu126,12.6,2026-04-21T00:57:37
efficientnet_b7,EfficientNet-B7,EfficientNet,cnn,classification,fp32,False,none,Tesla V100-SXM2-32GB,34.1,8192,2470.60,10119560,3315.799,3315.666,3317.069,3317.174,63.82,0.87,17718.6,False,10,64,2.7.1+cu126,12.6,2026-04-21T01:00:06
convnext_tiny,ConvNeXt-T,ConvNeXt,cnn,classification,fp32,False,none,Tesla V100-SXM2-32GB,34.1,16384,11129.09,45584733,1472.179,1472.315,1476.874,1478.091,27.84,0.73,20521.6,False,10,64,2.7.1+cu126,12.6,2026-04-21T01:01:45
convnext_small,ConvNeXt-S,ConvNeXt,cnn,classification,fp32,False,none,Tesla V100-SXM2-32GB,34.1,16384,6501.08,26628442,2520.195,2519.618,2524.579,2524.762,49.47,1.42,20608.2,False,10,64,2.7.1+cu126,12.6,2026-04-21T01:04:08
convnext_base,ConvNeXt-B,ConvNeXt,cnn,classification,fp32,False,none,Tesla V100-SXM2-32GB,34.1,16384,4163.69,17054456,3934.975,3935.519,3941.860,3942.422,87.59,2.51,26666.2,False,10,64,2.7.1+cu126,12.6,2026-04-21T01:07:17
convnext_large,ConvNeXt-L,ConvNeXt,cnn,classification,fp32,False,none,Tesla V100-SXM2-32GB,34.1,8192,2016.45,8259374,4062.588,4064.220,4067.640,4068.001,196.27,5.62,19852.8,False,10,64,2.7.1+cu126,12.6,2026-04-21T01:10:56
mobilenetv3_small_100,MobileNetV3-S,MobileNet,cnn,classification,fp32,False,none,Tesla V100-SXM2-32GB,34.1,65536,153794.61,629942711,426.127,426.066,427.101,427.634,1.53,0.01,25787.2,False,10,64,2.7.1+cu126,12.6,2026-04-21T01:11:52
mobilenetv3_large_100,MobileNetV3-L,MobileNet,cnn,classification,fp32,False,none,Tesla V100-SXM2-32GB,34.1,16384,31976.13,130974208,512.382,512.380,512.492,512.624,4.22,0.04,13448.0,False,10,64,2.7.1+cu126,12.6,2026-04-21T01:12:49
regnety_004,RegNetY-400MF,RegNet,cnn,classification,fp32,False,none,Tesla V100-SXM2-32GB,34.1,32768,22029.57,90233135,1487.455,1487.047,1490.568,1491.583,3.91,0.07,22574.3,False,10,64,2.7.1+cu126,12.6,2026-04-21T01:14:12
regnety_040,RegNetY-4GF,RegNet,cnn,classification,fp32,False,none,Tesla V100-SXM2-32GB,34.1,16384,4391.53,17987711,3730.817,3730.949,3731.463,3731.534,19.57,0.66,26396.1,False,10,64,2.7.1+cu126,12.6,2026-04-21T01:16:42
vit_tiny_patch16_224,ViT-Ti/16,ViT,vit,classification,fp32,False,none,Tesla V100-SXM2-32GB,34.1,32768,38906.53,159361166,842.224,841.797,844.843,845.813,5.84,0.20,10535.7,False,10,64,2.7.1+cu126,12.6,2026-04-21T01:18:03
vit_small_patch16_224,ViT-S/16,ViT,vit,classification,fp32,False,none,Tesla V100-SXM2-32GB,34.1,32768,14139.61,57915858,2317.461,2318.013,2321.150,2321.532,22.29,0.75,15735.8,False,10,64,2.7.1+cu126,12.6,2026-04-21T01:20:04
vit_base_patch16_224,ViT-B/16,ViT,vit,classification,fp32,False,none,Tesla V100-SXM2-32GB,34.1,32768,3813.35,15619483,8592.969,8594.105,8597.773,8597.779,87.04,2.95,26262.8,False,10,64,2.7.1+cu126,12.6,2026-04-21T01:25:07
vit_large_patch16_224,ViT-L/16,ViT,vit,classification,fp32,False,none,Tesla V100-SXM2-32GB,34.1,16384,1182.99,4845547,13849.594,13850.823,13856.304,13856.791,304.96,10.35,17603.6,False,10,64,2.7.1+cu126,12.6,2026-04-21T01:33:40
deit3_small_patch16_224,DeiT3-S/16,DeiT,vit,classification,fp32,False,none,Tesla V100-SXM2-32GB,34.1,32768,13840.54,56690850,2367.538,2367.801,2371.078,2372.458,22.30,0.75,15735.8,False,10,64,2.7.1+cu126,12.6,2026-04-21T01:35:43
deit3_base_patch16_224,DeiT3-B/16,DeiT,vit,classification,fp32,False,none,Tesla V100-SXM2-32GB,34.1,32768,3768.46,15435598,8695.337,8696.338,8703.105,8703.909,87.06,2.95,26262.9,False,10,64,2.7.1+cu126,12.6,2026-04-21T01:40:52
swin_tiny_patch4_window7_224,Swin-T,Swin,vit,classification,fp32,False,none,Tesla V100-SXM2-32GB,34.1,8192,7674.78,31435899,1067.392,1067.489,1070.690,1072.728,27.52,0.85,17108.1,False,10,64,2.7.1+cu126,12.6,2026-04-21T01:42:21
swin_small_patch4_window7_224,Swin-S,Swin,vit,classification,fp32,False,none,Tesla V100-SXM2-32GB,34.1,8192,5065.80,20749505,1617.120,1617.123,1620.962,1621.514,48.82,1.54,17193.4,False,10,64,2.7.1+cu126,12.6,2026-04-21T01:44:22
swin_base_patch4_window7_224,Swin-B,Swin,vit,classification,fp32,False,none,Tesla V100-SXM2-32GB,34.1,8192,3384.81,13864168,2420.227,2421.044,2424.874,2424.981,86.72,2.72,22554.3,False,10,64,2.7.1+cu126,12.6,2026-04-21T01:46:50
swin_large_patch4_window7_224,Swin-L,Swin,vit,classification,fp32,False,none,Tesla V100-SXM2-32GB,34.1,4096,1715.04,7024822,2388.276,2387.444,2394.112,2394.720,194.97,6.06,17108.4,False,10,64,2.7.1+cu126,12.6,2026-04-21T01:49:41
beit_base_patch16_224,BEiT-B/16,BEiT,vit,classification,fp32,False,none,Tesla V100-SXM2-32GB,34.1,32768,3764.06,15417575,8705.502,8705.617,8709.208,8709.265,87.05,2.96,24551.6,False,10,64,2.7.1+cu126,12.6,2026-04-21T01:54:50
beit_large_patch16_224,BEiT-L/16,BEiT,vit,classification,fp32,False,none,Tesla V100-SXM2-32GB,34.1,16384,1170.60,4794772,13996.257,13995.089,13998.977,13999.323,304.99,10.38,16463.0,False,10,64,2.7.1+cu126,12.6,2026-04-21T02:03:25
coatnet_0_224,CoAtNet-0,CoAtNet,hybrid,classification,fp32,False,none,Tesla V100-SXM2-32GB,34.1,4096,8818.83,36121930,464.461,464.241,466.791,468.545,24.23,0.73,21580.6,False,10,64,2.7.1+cu126,12.6,2026-04-21T02:04:23
coatnet_2_224,CoAtNet-2,CoAtNet,hybrid,classification,fp32,False,none,Tesla V100-SXM2-32GB,34.1,2048,3143.28,12874882,651.548,651.397,654.281,654.697,73.52,2.62,14868.6,False,10,64,2.7.1+cu126,12.6,2026-04-21T02:05:36
resnet18,ResNet-18,ResNet,cnn,classification,fp32,False,none,Tesla V100-SXM2-32GB,34.1,8192,10060.87,144876498,814.244,814.130,818.044,818.771,11.21,1.31,20815.5,False,12,120,2.7.1+cu126,12.6,2026-04-21T02:06:41
resnet50,ResNet-50,ResNet,cnn,classification,fp32,False,none,Tesla V100-SXM2-32GB,34.1,4096,3447.47,49643542,1188.118,1188.039,1191.750,1192.553,23.56,2.72,15204.1,False,12,120,2.7.1+cu126,12.6,2026-04-21T02:08:00
resnet101,ResNet-101,ResNet,cnn,classification,fp32,False,none,Tesla V100-SXM2-32GB,34.1,4096,2103.45,30289748,1947.273,1948.047,1952.051,1952.438,42.55,5.15,15280.0,False,12,120,2.7.1+cu126,12.6,2026-04-21T02:09:44
resnet152,ResNet-152,ResNet,cnn,classification,fp32,False,none,Tesla V100-SXM2-32GB,34.1,4096,1463.21,21070239,2799.323,2798.733,2805.638,2806.507,58.19,7.50,15342.6,False,12,120,2.7.1+cu126,12.6,2026-04-21T02:11:55
efficientnet_b0,EfficientNet-B0,EfficientNet,cnn,classification,fp32,False,none,Tesla V100-SXM2-32GB,34.1,4096,8641.63,124439432,473.985,473.955,474.651,474.896,4.02,0.26,17012.0,False,12,120,2.7.1+cu126,12.6,2026-04-21T02:12:50
efficientnet_b4,EfficientNet-B4,EfficientNet,cnn,classification,fp32,False,none,Tesla V100-SXM2-32GB,34.1,4096,3000.00,43199970,1365.334,1365.229,1366.894,1368.148,17.57,0.98,24144.5,False,12,120,2.7.1+cu126,12.6,2026-04-21T02:14:14
efficientnet_b7,EfficientNet-B7,EfficientNet,cnn,classification,fp32,False,none,Tesla V100-SXM2-32GB,34.1,2048,1139.98,16415715,1796.522,1796.250,1799.477,1800.831,63.82,3.33,15841.4,False,12,120,2.7.1+cu126,12.6,2026-04-21T02:16:00
convnext_tiny,ConvNeXt-T,ConvNeXt,cnn,classification,fp32,False,none,Tesla V100-SXM2-32GB,34.1,4096,3427.80,49360313,1194.936,1194.500,1203.690,1204.103,27.84,2.26,18522.6,False,12,120,2.7.1+cu126,12.6,2026-04-21T02:17:32
convnext_small,ConvNeXt-S,ConvNeXt,cnn,classification,fp32,False,none,Tesla V100-SXM2-32GB,34.1,4096,2027.14,29190822,2020.580,2020.784,2025.562,2026.024,49.48,4.38,18609.1,False,12,120,2.7.1+cu126,12.6,2026-04-21T02:19:45
convnext_base,ConvNeXt-B,ConvNeXt,cnn,classification,fp32,False,none,Tesla V100-SXM2-32GB,34.1,4096,1308.14,18837227,3131.161,3132.549,3139.318,3140.788,87.60,7.73,23952.0,False,12,120,2.7.1+cu126,12.6,2026-04-21T02:22:33
convnext_large,ConvNeXt-L,ConvNeXt,cnn,classification,fp32,False,none,Tesla V100-SXM2-32GB,34.1,2048,640.55,9223869,3197.270,3197.759,3202.234,3202.261,196.27,17.27,17780.6,False,12,120,2.7.1+cu126,12.6,2026-04-21T02:25:48
mobilenetv3_small_100,MobileNetV3-S,MobileNet,cnn,classification,fp32,False,none,Tesla V100-SXM2-32GB,34.1,16384,38596.73,555792906,424.492,424.403,425.585,425.995,1.53,0.05,24552.1,False,12,120,2.7.1+cu126,12.6,2026-04-21T02:26:42
mobilenetv3_large_100,MobileNetV3-L,MobileNet,cnn,classification,fp32,False,none,Tesla V100-SXM2-32GB,34.1,8192,14315.54,206143800,572.245,572.234,572.850,573.160,4.22,0.15,24562.6,False,12,120,2.7.1+cu126,12.6,2026-04-21T02:27:39
regnety_004,RegNetY-400MF,RegNet,cnn,classification,fp32,False,none,Tesla V100-SXM2-32GB,34.1,8192,11954.18,172140185,685.283,685.233,686.533,686.665,3.91,0.27,20786.5,False,12,120,2.7.1+cu126,12.6,2026-04-21T02:28:42
regnety_040,RegNetY-4GF,RegNet,cnn,classification,fp32,False,none,Tesla V100-SXM2-32GB,34.1,4096,1256.48,18093289,3259.905,3263.655,3269.560,3271.747,19.57,2.48,23681.9,False,12,120,2.7.1+cu126,12.6,2026-04-21T02:30:57
vit_tiny_patch16_224,ViT-Ti/16,ViT,vit,classification,fp32,False,none,Tesla V100-SXM2-32GB,34.1,16384,14128.14,203445251,1159.671,1159.529,1165.343,1166.601,5.94,0.59,18907.3,False,12,120,2.7.1+cu126,12.6,2026-04-21T02:32:29
vit_small_patch16_224,ViT-S/16,ViT,vit,classification,fp32,False,none,Tesla V100-SXM2-32GB,34.1,16384,5024.11,72347174,3261.076,3260.302,3268.811,3270.597,22.50,2.24,26523.3,False,12,120,2.7.1+cu126,12.6,2026-04-21T02:34:58
vit_base_patch16_224,ViT-B/16,ViT,vit,classification,fp32,False,none,Tesla V100-SXM2-32GB,34.1,8192,1341.04,19310995,6108.686,6113.767,6116.821,6117.166,87.46,8.72,21121.2,False,12,120,2.7.1+cu126,12.6,2026-04-21T02:38:55
vit_large_patch16_224,ViT-L/16,ViT,vit,classification,fp32,False,none,Tesla V100-SXM2-32GB,34.1,8192,414.06,5962426,19784.700,19784.685,19793.660,19794.458,305.52,30.51,27025.9,False,12,120,2.7.1+cu126,12.6,2026-04-21T02:50:02
deit3_small_patch16_224,DeiT3-S/16,DeiT,vit,classification,fp32,False,none,Tesla V100-SXM2-32GB,34.1,16384,4906.36,70651608,3339.338,3339.244,3342.493,3342.699,22.51,2.24,26523.3,False,12,120,2.7.1+cu126,12.6,2026-04-21T02:52:32
deit3_base_patch16_224,DeiT3-B/16,DeiT,vit,classification,fp32,False,none,Tesla V100-SXM2-32GB,34.1,8192,1319.14,18995554,6210.127,6212.501,6218.146,6218.977,87.48,8.72,21121.2,False,12,120,2.7.1+cu126,12.6,2026-04-21T02:56:30
swin_tiny_patch4_window7_224,Swin-T,Swin,vit,classification,fp32,False,none,Tesla V100-SXM2-32GB,34.1,4096,1758.64,25324478,2329.067,2324.451,2342.987,2352.971,27.53,4.22,25565.6,False,12,120,2.7.1+cu126,12.6,2026-04-21T02:58:35
swin_small_patch4_window7_224,Swin-S,Swin,vit,classification,fp32,False,none,Tesla V100-SXM2-32GB,34.1,4096,930.03,13392431,4404.159,4401.909,4414.000,4414.933,48.85,8.98,25651.1,False,12,120,2.7.1+cu126,12.6,2026-04-21T03:01:54
swin_base_patch4_window7_224,Swin-B,Swin,vit,classification,fp32,False,none,Tesla V100-SXM2-32GB,34.1,2048,602.10,8670292,3401.408,3400.009,3411.944,3414.263,86.76,15.80,16856.8,False,12,120,2.7.1+cu126,12.6,2026-04-21T03:04:52
swin_large_patch4_window7_224,Swin-L,Swin,vit,classification,fp32,False,none,Tesla V100-SXM2-32GB,34.1,2048,300.89,4332845,6806.428,6804.876,6813.241,6814.171,195.02,35.17,24823.0,False,12,120,2.7.1+cu126,12.6,2026-04-21T03:09:42
beit_base_patch16_224,BEiT-B/16,BEiT,vit,classification,fp32,False,none,Tesla V100-SXM2-32GB,34.1,8192,1322.04,19037348,6196.493,6189.046,6217.506,6218.885,87.46,8.82,19863.1,False,12,120,2.7.1+cu126,12.6,2026-04-21T03:13:43
beit_large_patch16_224,BEiT-L/16,BEiT,vit,classification,fp32,False,none,Tesla V100-SXM2-32GB,34.1,8192,409.20,5892520,20019.413,20019.400,20021.599,20021.794,305.56,30.75,25348.9,False,12,120,2.7.1+cu126,12.6,2026-04-21T03:24:57
resnet18,ResNet-18,ResNet,cnn,classification,fp32,False,none,Tesla V100-SXM2-32GB,34.1,8192,11006.86,180336446,744.263,744.525,747.115,747.260,11.21,1.42,23676.1,False,12,128,2.7.1+cu126,12.6,2026-04-21T03:26:10
resnet50,ResNet-50,ResNet,cnn,classification,fp32,False,none,Tesla V100-SXM2-32GB,34.1,4096,3449.66,56519198,1187.364,1187.064,1191.112,1193.813,23.56,2.90,17284.5,False,12,128,2.7.1+cu126,12.6,2026-04-21T03:27:32
resnet101,ResNet-101,ResNet,cnn,classification,fp32,False,none,Tesla V100-SXM2-32GB,34.1,4096,2107.06,34522038,1943.943,1942.971,1949.263,1950.263,42.55,5.32,17360.4,False,12,128,2.7.1+cu126,12.6,2026-04-21T03:29:21
resnet152,ResNet-152,ResNet,cnn,classification,fp32,False,none,Tesla V100-SXM2-32GB,34.1,4096,1493.33,24466706,2742.865,2743.186,2749.306,2752.720,58.19,7.75,17422.9,False,12,128,2.7.1+cu126,12.6,2026-04-21T03:31:37
efficientnet_b0,EfficientNet-B0,EfficientNet,cnn,classification,fp32,False,none,Tesla V100-SXM2-32GB,34.1,4096,8283.95,135724234,494.450,494.405,495.194,496.038,4.02,0.27,19352.4,False,12,128,2.7.1+cu126,12.6,2026-04-21T03:32:34
efficientnet_b4,EfficientNet-B4,EfficientNet,cnn,classification,fp32,False,none,Tesla V100-SXM2-32GB,34.1,2048,2890.43,47356841,708.545,708.378,709.288,709.568,17.57,1.02,13769.8,False,12,128,2.7.1+cu126,12.6,2026-04-21T03:33:38
efficientnet_b7,EfficientNet-B7,EfficientNet,cnn,classification,fp32,False,none,Tesla V100-SXM2-32GB,34.1,2048,1100.54,18031254,1860.904,1861.046,1863.703,1863.740,63.82,3.43,17986.8,False,12,128,2.7.1+cu126,12.6,2026-04-21T03:35:26
convnext_tiny,ConvNeXt-T,ConvNeXt,cnn,classification,fp32,False,none,Tesla V100-SXM2-32GB,34.1,4096,2774.05,45450084,1476.540,1475.755,1483.409,1488.362,27.84,2.94,21058.0,False,12,128,2.7.1+cu126,12.6,2026-04-21T03:37:02
convnext_small,ConvNeXt-S,ConvNeXt,cnn,classification,fp32,False,none,Tesla V100-SXM2-32GB,34.1,4096,1616.64,26486976,2533.655,2532.049,2542.546,2544.201,49.48,5.70,21144.6,False,12,128,2.7.1+cu126,12.6,2026-04-21T03:39:19
convnext_base,ConvNeXt-B,ConvNeXt,cnn,classification,fp32,False,none,Tesla V100-SXM2-32GB,34.1,4096,1028.65,16853477,3981.900,3983.850,3988.474,3989.242,87.60,10.06,27202.6,False,12,128,2.7.1+cu126,12.6,2026-04-21T03:42:25
convnext_large,ConvNeXt-L,ConvNeXt,cnn,classification,fp32,False,none,Tesla V100-SXM2-32GB,34.1,2048,501.66,8219151,4082.469,4082.101,4089.651,4090.377,196.27,22.50,20121.1,False,12,128,2.7.1+cu126,12.6,2026-04-21T03:45:55
mobilenetv3_small_100,MobileNetV3-S,MobileNet,cnn,classification,fp32,False,none,Tesla V100-SXM2-32GB,34.1,16384,37460.06,613745545,437.373,437.207,438.668,439.644,1.53,0.05,27932.7,False,12,128,2.7.1+cu126,12.6,2026-04-21T03:46:51
mobilenetv3_large_100,MobileNetV3-L,MobileNet,cnn,classification,fp32,False,none,Tesla V100-SXM2-32GB,34.1,4096,13998.26,229347462,292.608,292.586,292.817,292.894,4.22,0.15,13984.4,False,12,128,2.7.1+cu126,12.6,2026-04-21T03:47:44
regnety_004,RegNetY-400MF,RegNet,cnn,classification,fp32,False,none,Tesla V100-SXM2-32GB,34.1,8192,11524.44,188816369,710.837,710.736,711.854,712.497,3.91,0.28,23647.0,False,12,128,2.7.1+cu126,12.6,2026-04-21T03:48:48
regnety_040,RegNetY-4GF,RegNet,cnn,classification,fp32,False,none,Tesla V100-SXM2-32GB,34.1,4096,1157.52,18964795,3538.602,3533.323,3552.215,3552.674,19.57,2.62,26932.5,False,12,128,2.7.1+cu126,12.6,2026-04-21T03:51:14
vit_tiny_patch16_224,ViT-Ti/16,ViT,vit,classification,fp32,False,none,Tesla V100-SXM2-32GB,34.1,16384,10031.43,164354957,1633.267,1633.733,1639.983,1641.257,5.94,0.77,22732.5,False,12,128,2.7.1+cu126,12.6,2026-04-21T03:53:08
vit_small_patch16_224,ViT-S/16,ViT,vit,classification,fp32,False,none,Tesla V100-SXM2-32GB,34.1,8192,3663.06,60015572,2236.382,2236.583,2238.983,2239.302,22.50,2.91,16356.0,False,12,128,2.7.1+cu126,12.6,2026-04-21T03:55:14
vit_base_patch16_224,ViT-B/16,ViT,vit,classification,fp32,False,none,Tesla V100-SXM2-32GB,34.1,8192,992.05,16253802,8257.620,8261.981,8263.619,8263.838,87.47,11.34,26431.2,False,12,128,2.7.1+cu126,12.6,2026-04-21T04:00:13
vit_large_patch16_224,ViT-L/16,ViT,vit,classification,fp32,False,none,Tesla V100-SXM2-32GB,34.1,4096,308.50,5054496,13277.064,13276.118,13281.501,13281.980,305.54,39.66,17538.3,False,12,128,2.7.1+cu126,12.6,2026-04-21T04:08:50
deit3_small_patch16_224,DeiT3-S/16,DeiT,vit,classification,fp32,False,none,Tesla V100-SXM2-32GB,34.1,8192,3584.15,58722702,2285.619,2284.655,2291.234,2296.111,22.51,2.91,16356.0,False,12,128,2.7.1+cu126,12.6,2026-04-21T04:11:03
deit3_base_patch16_224,DeiT3-B/16,DeiT,vit,classification,fp32,False,none,Tesla V100-SXM2-32GB,34.1,8192,981.41,16079490,8347.138,8349.615,8358.588,8359.389,87.49,11.34,26431.3,False,12,128,2.7.1+cu126,12.6,2026-04-21T04:16:09
swin_tiny_patch4_window7_224,Swin-T,Swin,vit,classification,fp32,False,none,Tesla V100-SXM2-32GB,34.1,4096,1749.39,28661980,2341.390,2342.624,2347.990,2348.319,27.54,4.11,26540.9,False,12,128,2.7.1+cu126,12.6,2026-04-21T04:18:22
swin_small_patch4_window7_224,Swin-S,Swin,vit,classification,fp32,False,none,Tesla V100-SXM2-32GB,34.1,4096,915.11,14993200,4475.953,4473.107,4485.748,4487.700,48.85,8.87,26626.6,False,12,128,2.7.1+cu126,12.6,2026-04-21T04:22:07
swin_base_patch4_window7_224,Swin-B,Swin,vit,classification,fp32,False,none,Tesla V100-SXM2-32GB,34.1,2048,598.53,9806303,3421.721,3419.909,3431.183,3433.700,86.76,15.61,17442.3,False,12,128,2.7.1+cu126,12.6,2026-04-21T04:25:22
swin_large_patch4_window7_224,Swin-L,Swin,vit,classification,fp32,False,none,Tesla V100-SXM2-32GB,34.1,2048,300.22,4918867,6821.577,6821.176,6827.691,6827.699,195.03,34.73,25602.4,False,12,128,2.7.1+cu126,12.6,2026-04-21T04:30:37
beit_base_patch16_224,BEiT-B/16,BEiT,vit,classification,fp32,False,none,Tesla V100-SXM2-32GB,34.1,8192,983.70,16116894,8327.766,8333.971,8353.257,8355.921,87.47,11.50,24795.8,False,12,128,2.7.1+cu126,12.6,2026-04-21T04:35:44
beit_large_patch16_224,BEiT-L/16,BEiT,vit,classification,fp32,False,none,Tesla V100-SXM2-32GB,34.1,4096,116.00,1900491,35311.321,13418.860,55620.619,59371.887,305.58,40.08,16448.9,False,12,128,2.7.1+cu126,12.6,2026-04-21T04:45:44
coatnet_0_224,CoAtNet-0,CoAtNet,hybrid,classification,fp32,False,none,Tesla V100-SXM2-32GB,34.1,1024,2335.46,38264234,438.457,438.170,440.618,442.562,24.24,2.94,21714.9,False,12,128,2.7.1+cu126,12.6,2026-04-21T04:46:50
coatnet_2_224,CoAtNet-2,CoAtNet,hybrid,classification,fp32,False,none,Tesla V100-SXM2-32GB,34.1,512,831.56,13624318,615.708,615.729,618.858,619.049,73.56,10.57,14936.3,False,12,128,2.7.1+cu126,12.6,2026-04-21T04:48:00
